PassengerId,Survived,Pclass,Age,Fare,Cabin,Sex_female,Sex_male,Embarked_C,Embarked_Q,Embarked_S,Title,FamilySize
1,0,3,22.0,7.25,,0,1,0,0,1,Mr,2
2,1,1,38.0,71.2833,C85,1,0,1,0,0,Mrs,2
3,1,3,26.0,7.925,,1,0,0,0,1,Miss,1
4,1,1,35.0,53.1,C123,1,0,0,0,1,Mrs,2
5,0,3,35.0,8.05,,0,1,0,0,1,Mr,1
6,0,3,,8.4583,,0,1,0,1,0,Mr,1
7,0,1,54.0,51.8625,E46,0,1,0,0,1,Mr,1
8,0,3,2.0,21.075,,0,1,0,0,1,Master,5
9,1,3,27.0,11.1333,,1,0,0,0,1,Mrs,3
10,1,2,14.0,30.0708,,1,0,1,0,0,Mrs,2
11,1,3,4.0,16.7,G6,1,0,0,0,1,Miss,3
12,1,1,58.0,26.55,C103,1,0,0,0,1,Miss,1
13,0,3,20.0,8.05,,0,1,0,0,1,Mr,1
14,0,3,39.0,31.275,,0,1,0,0,1,Mr,7
15,0,3,14.0,7.8542,,1,0,0,0,1,Miss,1
16,1,2,55.0,16.0,,1,0,0,0,1,Mrs,1
17,0,3,2.0,29.125,,0,1,0,1,0,Master,6
18,1,2,,13.0,,0,1,0,0,1,Mr,1
19,0,3,31.0,18.0,,1,0,0,0,1,Mrs,2
20,1,3,,7.225,,1,0,1,0,0,Mrs,1
21,0,2,35.0,26.0,,0,1,0,0,1,Mr,1
22,1,2,34.0,13.0,D56,0,1,0,0,1,Mr,1
23,1,3,15.0,8.0292,,1,0,0,1,0,Miss,1
24,1,1,28.0,35.5,A6,0,1,0,0,1,Mr,1
25,0,3,8.0,21.075,,1,0,0,0,1,Miss,5
26,1,3,38.0,31.3875,,1,0,0,0,1,Mrs,7
27,0,3,,7.225,,0,1,1,0,0,Mr,1
28,0,1,19.0,263.0,C23 C25 C27,0,1,0,0,1,Mr,6
29,1,3,,7.8792,,1,0,0,1,0,Miss,1
30,0,3,,7.8958,,0,1,0,0,1,Mr,1
31,0,1,40.0,27.7208,,0,1,1,0,0,Don,1
32,1,1,,146.5208,B78,1,0,1,0,0,Mrs,2
33,1,3,,7.75,,1,0,0,1,0,Miss,1
34,0,2,66.0,10.5,,0,1,0,0,1,Mr,1
35,0,1,28.0,82.1708,,0,1,1,0,0,Mr,2
36,0,1,42.0,52.0,,0,1,0,0,1,Mr,2
37,1,3,,7.2292,,0,1,1,0,0,Mr,1
38,0,3,21.0,8.05,,0,1,0,0,1,Mr,1
39,0,3,18.0,18.0,,1,0,0,0,1,Miss,3
40,1,3,14.0,11.2417,,1,0,1,0,0,Miss,2
41,0,3,40.0,9.475,,1,0,0,0,1,Mrs,2
42,0,2,27.0,21.0,,1,0,0,0,1,Mrs,2
43,0,3,,7.8958,,0,1,1,0,0,Mr,1
44,1,2,3.0,41.5792,,1,0,1,0,0,Miss,4
45,1,3,19.0,7.8792,,1,0,0,1,0,Miss,1
46,0,3,,8.05,,0,1,0,0,1,Mr,1
47,0,3,,15.5,,0,1,0,1,0,Mr,2
48,1,3,,7.75,,1,0,0,1,0,Miss,1
49,0,3,,21.6792,,0,1,1,0,0,Mr,3
50,0,3,18.0,17.8,,1,0,0,0,1,Mrs,2
51,0,3,7.0,39.6875,,0,1,0,0,1,Master,6
52,0,3,21.0,7.8,,0,1,0,0,1,Mr,1
53,1,1,49.0,76.7292,D33,1,0,1,0,0,Mrs,2
54,1,2,29.0,26.0,,1,0,0,0,1,Mrs,2
55,0,1,65.0,61.9792,B30,0,1,1,0,0,Mr,2
56,1,1,,35.5,C52,0,1,0,0,1,Mr,1
57,1,2,21.0,10.5,,1,0,0,0,1,Miss,1
58,0,3,28.5,7.2292,,0,1,1,0,0,Mr,1
59,1,2,5.0,27.75,,1,0,0,0,1,Miss,4
60,0,3,11.0,46.9,,0,1,0,0,1,Master,8
61,0,3,22.0,7.2292,,0,1,1,0,0,Mr,1
62,1,1,38.0,80.0,B28,1,0,0,0,0,Miss,1
63,0,1,45.0,83.475,C83,0,1,0,0,1,Mr,2
64,0,3,4.0,27.9,,0,1,0,0,1,Master,6
65,0,1,,27.7208,,0,1,1,0,0,Mr,1
66,1,3,,15.2458,,0,1,1,0,0,Master,3
67,1,2,29.0,10.5,F33,1,0,0,0,1,Mrs,1
68,0,3,19.0,8.1583,,0,1,0,0,1,Mr,1
69,1,3,17.0,7.925,,1,0,0,0,1,Miss,7
70,0,3,26.0,8.6625,,0,1,0,0,1,Mr,3
71,0,2,32.0,10.5,,0,1,0,0,1,Mr,1
72,0,3,16.0,46.9,,1,0,0,0,1,Miss,8
73,0,2,21.0,73.5,,0,1,0,0,1,Mr,1
74,0,3,26.0,14.4542,,0,1,1,0,0,Mr,2
75,1,3,32.0,56.4958,,0,1,0,0,1,Mr,1
76,0,3,25.0,7.65,F G73,0,1,0,0,1,Mr,1
77,0,3,,7.8958,,0,1,0,0,1,Mr,1
78,0,3,,8.05,,0,1,0,0,1,Mr,1
79,1,2,0.83,29.0,,0,1,0,0,1,Master,3
80,1,3,30.0,12.475,,1,0,0,0,1,Miss,1
81,0,3,22.0,9.0,,0,1,0,0,1,Mr,1
82,1,3,29.0,9.5,,0,1,0,0,1,Mr,1
83,1,3,,7.7875,,1,0,0,1,0,Miss,1
84,0,1,28.0,47.1,,0,1,0,0,1,Mr,1
85,1,2,17.0,10.5,,1,0,0,0,1,Miss,1
86,1,3,33.0,15.85,,1,0,0,0,1,Mrs,4
87,0,3,16.0,34.375,,0,1,0,0,1,Mr,5
88,0,3,,8.05,,0,1,0,0,1,Mr,1
89,1,1,23.0,263.0,C23 C25 C27,1,0,0,0,1,Miss,6
90,0,3,24.0,8.05,,0,1,0,0,1,Mr,1
91,0,3,29.0,8.05,,0,1,0,0,1,Mr,1
92,0,3,20.0,7.8542,,0,1,0,0,1,Mr,1
93,0,1,46.0,61.175,E31,0,1,0,0,1,Mr,2
94,0,3,26.0,20.575,,0,1,0,0,1,Mr,4
95,0,3,59.0,7.25,,0,1,0,0,1,Mr,1
96,0,3,,8.05,,0,1,0,0,1,Mr,1
97,0,1,71.0,34.6542,A5,0,1,1,0,0,Mr,1
98,1,1,23.0,63.3583,D10 D12,0,1,1,0,0,Mr,2
99,1,2,34.0,23.0,,1,0,0,0,1,Mrs,2
100,0,2,34.0,26.0,,0,1,0,0,1,Mr,2
101,0,3,28.0,7.8958,,1,0,0,0,1,Miss,1
102,0,3,,7.8958,,0,1,0,0,1,Mr,1
103,0,1,21.0,77.2875,D26,0,1,0,0,1,Mr,2
104,0,3,33.0,8.6542,,0,1,0,0,1,Mr,1
105,0,3,37.0,7.925,,0,1,0,0,1,Mr,3
106,0,3,28.0,7.8958,,0,1,0,0,1,Mr,1
107,1,3,21.0,7.65,,1,0,0,0,1,Miss,1
108,1,3,,7.775,,0,1,0,0,1,Mr,1
109,0,3,38.0,7.8958,,0,1,0,0,1,Mr,1
110,1,3,,24.15,,1,0,0,1,0,Miss,2
111,0,1,47.0,52.0,C110,0,1,0,0,1,Mr,1
112,0,3,14.5,14.4542,,1,0,1,0,0,Miss,2
113,0,3,22.0,8.05,,0,1,0,0,1,Mr,1
114,0,3,20.0,9.825,,1,0,0,0,1,Miss,2
115,0,3,17.0,14.4583,,1,0,1,0,0,Miss,1
116,0,3,21.0,7.925,,0,1,0,0,1,Mr,1
117,0,3,70.5,7.75,,0,1,0,1,0,Mr,1
118,0,2,29.0,21.0,,0,1,0,0,1,Mr,2
119,0,1,24.0,247.5208,B58 B60,0,1,1,0,0,Mr,2
120,0,3,2.0,31.275,,1,0,0,0,1,Miss,7
121,0,2,21.0,73.5,,0,1,0,0,1,Mr,3
122,0,3,,8.05,,0,1,0,0,1,Mr,1
123,0,2,32.5,30.0708,,0,1,1,0,0,Mr,2
124,1,2,32.5,13.0,E101,1,0,0,0,1,Miss,1
125,0,1,54.0,77.2875,D26,0,1,0,0,1,Mr,2
126,1,3,12.0,11.2417,,0,1,1,0,0,Master,2
127,0,3,,7.75,,0,1,0,1,0,Mr,1
128,1,3,24.0,7.1417,,0,1,0,0,1,Mr,1
129,1,3,,22.3583,F E69,1,0,1,0,0,Miss,3
130,0,3,45.0,6.975,,0,1,0,0,1,Mr,1
131,0,3,33.0,7.8958,,0,1,1,0,0,Mr,1
132,0,3,20.0,7.05,,0,1,0,0,1,Mr,1
133,0,3,47.0,14.5,,1,0,0,0,1,Mrs,2
134,1,2,29.0,26.0,,1,0,0,0,1,Mrs,2
135,0,2,25.0,13.0,,0,1,0,0,1,Mr,1
136,0,2,23.0,15.0458,,0,1,1,0,0,Mr,1
137,1,1,19.0,26.2833,D47,1,0,0,0,1,Miss,3
138,0,1,37.0,53.1,C123,0,1,0,0,1,Mr,2
139,0,3,16.0,9.2167,,0,1,0,0,1,Mr,1
140,0,1,24.0,79.2,B86,0,1,1,0,0,Mr,1
141,0,3,,15.2458,,1,0,1,0,0,Mrs,3
142,1,3,22.0,7.75,,1,0,0,0,1,Miss,1
143,1,3,24.0,15.85,,1,0,0,0,1,Mrs,2
144,0,3,19.0,6.75,,0,1,0,1,0,Mr,1
145,0,2,18.0,11.5,,0,1,0,0,1,Mr,1
146,0,2,19.0,36.75,,0,1,0,0,1,Mr,3
147,1,3,27.0,7.7958,,0,1,0,0,1,Mr,1
148,0,3,9.0,34.375,,1,0,0,0,1,Miss,5
149,0,2,36.5,26.0,F2,0,1,0,0,1,Mr,3
150,0,2,42.0,13.0,,0,1,0,0,1,Rev,1
151,0,2,51.0,12.525,,0,1,0,0,1,Rev,1
152,1,1,22.0,66.6,C2,1,0,0,0,1,Mrs,2
153,0,3,55.5,8.05,,0,1,0,0,1,Mr,1
154,0,3,40.5,14.5,,0,1,0,0,1,Mr,3
155,0,3,,7.3125,,0,1,0,0,1,Mr,1
156,0,1,51.0,61.3792,,0,1,1,0,0,Mr,2
157,1,3,16.0,7.7333,,1,0,0,1,0,Miss,1
158,0,3,30.0,8.05,,0,1,0,0,1,Mr,1
159,0,3,,8.6625,,0,1,0,0,1,Mr,1
160,0,3,,69.55,,0,1,0,0,1,Master,11
161,0,3,44.0,16.1,,0,1,0,0,1,Mr,2
162,1,2,40.0,15.75,,1,0,0,0,1,Mrs,1
163,0,3,26.0,7.775,,0,1,0,0,1,Mr,1
164,0,3,17.0,8.6625,,0,1,0,0,1,Mr,1
165,0,3,1.0,39.6875,,0,1,0,0,1,Master,6
166,1,3,9.0,20.525,,0,1,0,0,1,Master,3
167,1,1,,55.0,E33,1,0,0,0,1,Mrs,2
168,0,3,45.0,27.9,,1,0,0,0,1,Mrs,6
169,0,1,,25.925,,0,1,0,0,1,Mr,1
170,0,3,28.0,56.4958,,0,1,0,0,1,Mr,1
171,0,1,61.0,33.5,B19,0,1,0,0,1,Mr,1
172,0,3,4.0,29.125,,0,1,0,1,0,Master,6
173,1,3,1.0,11.1333,,1,0,0,0,1,Miss,3
174,0,3,21.0,7.925,,0,1,0,0,1,Mr,1
175,0,1,56.0,30.6958,A7,0,1,1,0,0,Mr,1
176,0,3,18.0,7.8542,,0,1,0,0,1,Mr,3
177,0,3,,25.4667,,0,1,0,0,1,Master,5
178,0,1,50.0,28.7125,C49,1,0,1,0,0,Miss,1
179,0,2,30.0,13.0,,0,1,0,0,1,Mr,1
180,0,3,36.0,0.0,,0,1,0,0,1,Mr,1
181,0,3,,69.55,,1,0,0,0,1,Miss,11
182,0,2,,15.05,,0,1,1,0,0,Mr,1
183,0,3,9.0,31.3875,,0,1,0,0,1,Master,7
184,1,2,1.0,39.0,F4,0,1,0,0,1,Master,4
185,1,3,4.0,22.025,,1,0,0,0,1,Miss,3
186,0,1,,50.0,A32,0,1,0,0,1,Mr,1
187,1,3,,15.5,,1,0,0,1,0,Mrs,2
188,1,1,45.0,26.55,,0,1,0,0,1,Mr,1
189,0,3,40.0,15.5,,0,1,0,1,0,Mr,3
190,0,3,36.0,7.8958,,0,1,0,0,1,Mr,1
191,1,2,32.0,13.0,,1,0,0,0,1,Mrs,1
192,0,2,19.0,13.0,,0,1,0,0,1,Mr,1
193,1,3,19.0,7.8542,,1,0,0,0,1,Miss,2
194,1,2,3.0,26.0,F2,0,1,0,0,1,Master,3
195,1,1,44.0,27.7208,B4,1,0,1,0,0,Mrs,1
196,1,1,58.0,146.5208,B80,1,0,1,0,0,Miss,1
197,0,3,,7.75,,0,1,0,1,0,Mr,1
198,0,3,42.0,8.4042,,0,1,0,0,1,Mr,2
199,1,3,,7.75,,1,0,0,1,0,Miss,1
200,0,2,24.0,13.0,,1,0,0,0,1,Miss,1
201,0,3,28.0,9.5,,0,1,0,0,1,Mr,1
202,0,3,,69.55,,0,1,0,0,1,Mr,11
203,0,3,34.0,6.4958,,0,1,0,0,1,Mr,1
204,0,3,45.5,7.225,,0,1,1,0,0,Mr,1
205,1,3,18.0,8.05,,0,1,0,0,1,Mr,1
206,0,3,2.0,10.4625,G6,1,0,0,0,1,Miss,2
207,0,3,32.0,15.85,,0,1,0,0,1,Mr,2
208,1,3,26.0,18.7875,,0,1,1,0,0,Mr,1
209,1,3,16.0,7.75,,1,0,0,1,0,Miss,1
210,1,1,40.0,31.0,A31,0,1,1,0,0,Mr,1
211,0,3,24.0,7.05,,0,1,0,0,1,Mr,1
212,1,2,35.0,21.0,,1,0,0,0,1,Miss,1
213,0,3,22.0,7.25,,0,1,0,0,1,Mr,1
214,0,2,30.0,13.0,,0,1,0,0,1,Mr,1
215,0,3,,7.75,,0,1,0,1,0,Mr,2
216,1,1,31.0,113.275,D36,1,0,1,0,0,Miss,2
217,1,3,27.0,7.925,,1,0,0,0,1,Miss,1
218,0,2,42.0,27.0,,0,1,0,0,1,Mr,2
219,1,1,32.0,76.2917,D15,1,0,1,0,0,Miss,1
220,0,2,30.0,10.5,,0,1,0,0,1,Mr,1
221,1,3,16.0,8.05,,0,1,0,0,1,Mr,1
222,0,2,27.0,13.0,,0,1,0,0,1,Mr,1
223,0,3,51.0,8.05,,0,1,0,0,1,Mr,1
224,0,3,,7.8958,,0,1,0,0,1,Mr,1
225,1,1,38.0,90.0,C93,0,1,0,0,1,Mr,2
226,0,3,22.0,9.35,,0,1,0,0,1,Mr,1
227,1,2,19.0,10.5,,0,1,0,0,1,Mr,1
228,0,3,20.5,7.25,,0,1,0,0,1,Mr,1
229,0,2,18.0,13.0,,0,1,0,0,1,Mr,1
230,0,3,,25.4667,,1,0,0,0,1,Miss,5
231,1,1,35.0,83.475,C83,1,0,0,0,1,Mrs,2
232,0,3,29.0,7.775,,0,1,0,0,1,Mr,1
233,0,2,59.0,13.5,,0,1,0,0,1,Mr,1
234,1,3,5.0,31.3875,,1,0,0,0,1,Miss,7
235,0,2,24.0,10.5,,0,1,0,0,1,Mr,1
236,0,3,,7.55,,1,0,0,0,1,Miss,1
237,0,2,44.0,26.0,,0,1,0,0,1,Mr,2
238,1,2,8.0,26.25,,1,0,0,0,1,Miss,3
239,0,2,19.0,10.5,,0,1,0,0,1,Mr,1
240,0,2,33.0,12.275,,0,1,0,0,1,Mr,1
241,0,3,,14.4542,,1,0,1,0,0,Miss,2
242,1,3,,15.5,,1,0,0,1,0,Miss,2
243,0,2,29.0,10.5,,0,1,0,0,1,Mr,1
244,0,3,22.0,7.125,,0,1,0,0,1,Mr,1
245,0,3,30.0,7.225,,0,1,1,0,0,Mr,1
246,0,1,44.0,90.0,C78,0,1,0,1,0,Dr,3
247,0,3,25.0,7.775,,1,0,0,0,1,Miss,1
248,1,2,24.0,14.5,,1,0,0,0,1,Mrs,3
249,1,1,37.0,52.5542,D35,0,1,0,0,1,Mr,3
250,0,2,54.0,26.0,,0,1,0,0,1,Rev,2
251,0,3,,7.25,,0,1,0,0,1,Mr,1
252,0,3,29.0,10.4625,G6,1,0,0,0,1,Mrs,3
253,0,1,62.0,26.55,C87,0,1,0,0,1,Mr,1
254,0,3,30.0,16.1,,0,1,0,0,1,Mr,2
255,0,3,41.0,20.2125,,1,0,0,0,1,Mrs,3
256,1,3,29.0,15.2458,,1,0,1,0,0,Mrs,3
257,1,1,,79.2,,1,0,1,0,0,Mrs,1
258,1,1,30.0,86.5,B77,1,0,0,0,1,Miss,1
259,1,1,35.0,512.3292,,1,0,1,0,0,Miss,1
260,1,2,50.0,26.0,,1,0,0,0,1,Mrs,2
261,0,3,,7.75,,0,1,0,1,0,Mr,1
262,1,3,3.0,31.3875,,0,1,0,0,1,Master,7
263,0,1,52.0,79.65,E67,0,1,0,0,1,Mr,3
264,0,1,40.0,0.0,B94,0,1,0,0,1,Mr,1
265,0,3,,7.75,,1,0,0,1,0,Miss,1
266,0,2,36.0,10.5,,0,1,0,0,1,Mr,1
267,0,3,16.0,39.6875,,0,1,0,0,1,Mr,6
268,1,3,25.0,7.775,,0,1,0,0,1,Mr,2
269,1,1,58.0,153.4625,C125,1,0,0,0,1,Mrs,2
270,1,1,35.0,135.6333,C99,1,0,0,0,1,Miss,1
271,0,1,,31.0,,0,1,0,0,1,Mr,1
272,1,3,25.0,0.0,,0,1,0,0,1,Mr,1
273,1,2,41.0,19.5,,1,0,0,0,1,Mrs,2
274,0,1,37.0,29.7,C118,0,1,1,0,0,Mr,2
275,1,3,,7.75,,1,0,0,1,0,Miss,1
276,1,1,63.0,77.9583,D7,1,0,0,0,1,Miss,2
277,0,3,45.0,7.75,,1,0,0,0,1,Miss,1
278,0,2,,0.0,,0,1,0,0,1,Mr,1
279,0,3,7.0,29.125,,0,1,0,1,0,Master,6
280,1,3,35.0,20.25,,1,0,0,0,1,Mrs,3
281,0,3,65.0,7.75,,0,1,0,1,0,Mr,1
282,0,3,28.0,7.8542,,0,1,0,0,1,Mr,1
283,0,3,16.0,9.5,,0,1,0,0,1,Mr,1
284,1,3,19.0,8.05,,0,1,0,0,1,Mr,1
285,0,1,,26.0,A19,0,1,0,0,1,Mr,1
286,0,3,33.0,8.6625,,0,1,1,0,0,Mr,1
287,1,3,30.0,9.5,,0,1,0,0,1,Mr,1
288,0,3,22.0,7.8958,,0,1,0,0,1,Mr,1
289,1,2,42.0,13.0,,0,1,0,0,1,Mr,1
290,1,3,22.0,7.75,,1,0,0,1,0,Miss,1
291,1,1,26.0,78.85,,1,0,0,0,1,Miss,1
292,1,1,19.0,91.0792,B49,1,0,1,0,0,Mrs,2
293,0,2,36.0,12.875,D,0,1,1,0,0,Mr,1
294,0,3,24.0,8.85,,1,0,0,0,1,Miss,1
295,0,3,24.0,7.8958,,0,1,0,0,1,Mr,1
296,0,1,,27.7208,,0,1,1,0,0,Mr,1
297,0,3,23.5,7.2292,,0,1,1,0,0,Mr,1
298,0,1,2.0,151.55,C22 C26,1,0,0,0,1,Miss,4
299,1,1,,30.5,C106,0,1,0,0,1,Mr,1
300,1,1,50.0,247.5208,B58 B60,1,0,1,0,0,Mrs,2
301,1,3,,7.75,,1,0,0,1,0,Miss,1
302,1,3,,23.25,,0,1,0,1,0,Mr,3
303,0,3,19.0,0.0,,0,1,0,0,1,Mr,1
304,1,2,,12.35,E101,1,0,0,1,0,Miss,1
305,0,3,,8.05,,0,1,0,0,1,Mr,1
306,1,1,0.92,151.55,C22 C26,0,1,0,0,1,Master,4
307,1,1,,110.8833,,1,0,1,0,0,Miss,1
308,1,1,17.0,108.9,C65,1,0,1,0,0,Mrs,2
309,0,2,30.0,24.0,,0,1,1,0,0,Mr,2
310,1,1,30.0,56.9292,E36,1,0,1,0,0,Miss,1
311,1,1,24.0,83.1583,C54,1,0,1,0,0,Miss,1
312,1,1,18.0,262.375,B57 B59 B63 B66,1,0,1,0,0,Miss,5
313,0,2,26.0,26.0,,1,0,0,0,1,Mrs,3
314,0,3,28.0,7.8958,,0,1,0,0,1,Mr,1
315,0,2,43.0,26.25,,0,1,0,0,1,Mr,3
316,1,3,26.0,7.8542,,1,0,0,0,1,Miss,1
317,1,2,24.0,26.0,,1,0,0,0,1,Mrs,2
318,0,2,54.0,14.0,,0,1,0,0,1,Dr,1
319,1,1,31.0,164.8667,C7,1,0,0,0,1,Miss,3
320,1,1,40.0,134.5,E34,1,0,1,0,0,Mrs,3
321,0,3,22.0,7.25,,0,1,0,0,1,Mr,1
322,0,3,27.0,7.8958,,0,1,0,0,1,Mr,1
323,1,2,30.0,12.35,,1,0,0,1,0,Miss,1
324,1,2,22.0,29.0,,1,0,0,0,1,Mrs,3
325,0,3,,69.55,,0,1,0,0,1,Mr,11
326,1,1,36.0,135.6333,C32,1,0,1,0,0,Miss,1
327,0,3,61.0,6.2375,,0,1,0,0,1,Mr,1
328,1,2,36.0,13.0,D,1,0,0,0,1,Mrs,1
329,1,3,31.0,20.525,,1,0,0,0,1,Mrs,3
330,1,1,16.0,57.9792,B18,1,0,1,0,0,Miss,2
331,1,3,,23.25,,1,0,0,1,0,Miss,3
332,0,1,45.5,28.5,C124,0,1,0,0,1,Mr,1
333,0,1,38.0,153.4625,C91,0,1,0,0,1,Mr,2
334,0,3,16.0,18.0,,0,1,0,0,1,Mr,3
335,1,1,,133.65,,1,0,0,0,1,Mrs,2
336,0,3,,7.8958,,0,1,0,0,1,Mr,1
337,0,1,29.0,66.6,C2,0,1,0,0,1,Mr,2
338,1,1,41.0,134.5,E40,1,0,1,0,0,Miss,1
339,1,3,45.0,8.05,,0,1,0,0,1,Mr,1
340,0,1,45.0,35.5,T,0,1,0,0,1,Mr,1
341,1,2,2.0,26.0,F2,0,1,0,0,1,Master,3
342,1,1,24.0,263.0,C23 C25 C27,1,0,0,0,1,Miss,6
343,0,2,28.0,13.0,,0,1,0,0,1,Mr,1
344,0,2,25.0,13.0,,0,1,0,0,1,Mr,1
345,0,2,36.0,13.0,,0,1,0,0,1,Mr,1
346,1,2,24.0,13.0,F33,1,0,0,0,1,Miss,1
347,1,2,40.0,13.0,,1,0,0,0,1,Miss,1
348,1,3,,16.1,,1,0,0,0,1,Mrs,2
349,1,3,3.0,15.9,,0,1,0,0,1,Master,3
350,0,3,42.0,8.6625,,0,1,0,0,1,Mr,1
351,0,3,23.0,9.225,,0,1,0,0,1,Mr,1
352,0,1,,35.0,C128,0,1,0,0,1,Mr,1
353,0,3,15.0,7.2292,,0,1,1,0,0,Mr,3
354,0,3,25.0,17.8,,0,1,0,0,1,Mr,2
355,0,3,,7.225,,0,1,1,0,0,Mr,1
356,0,3,28.0,9.5,,0,1,0,0,1,Mr,1
357,1,1,22.0,55.0,E33,1,0,0,0,1,Miss,2
358,0,2,38.0,13.0,,1,0,0,0,1,Miss,1
359,1,3,,7.8792,,1,0,0,1,0,Miss,1
360,1,3,,7.8792,,1,0,0,1,0,Miss,1
361,0,3,40.0,27.9,,0,1,0,0,1,Mr,6
362,0,2,29.0,27.7208,,0,1,1,0,0,Mr,2
363,0,3,45.0,14.4542,,1,0,1,0,0,Mrs,2
364,0,3,35.0,7.05,,0,1,0,0,1,Mr,1
365,0,3,,15.5,,0,1,0,1,0,Mr,2
366,0,3,30.0,7.25,,0,1,0,0,1,Mr,1
367,1,1,60.0,75.25,D37,1,0,1,0,0,Mrs,2
368,1,3,,7.2292,,1,0,1,0,0,Mrs,1
369,1,3,,7.75,,1,0,0,1,0,Miss,1
370,1,1,24.0,69.3,B35,1,0,1,0,0,Mme,1
371,1,1,25.0,55.4417,E50,0,1,1,0,0,Mr,2
372,0,3,18.0,6.4958,,0,1,0,0,1,Mr,2
373,0,3,19.0,8.05,,0,1,0,0,1,Mr,1
374,0,1,22.0,135.6333,,0,1,1,0,0,Mr,1
375,0,3,3.0,21.075,,1,0,0,0,1,Miss,5
376,1,1,,82.1708,,1,0,1,0,0,Mrs,2
377,1,3,22.0,7.25,,1,0,0,0,1,Miss,1
378,0,1,27.0,211.5,C82,0,1,1,0,0,Mr,3
379,0,3,20.0,4.0125,,0,1,1,0,0,Mr,1
380,0,3,19.0,7.775,,0,1,0,0,1,Mr,1
381,1,1,42.0,227.525,,1,0,1,0,0,Miss,1
382,1,3,1.0,15.7417,,1,0,1,0,0,Miss,3
383,0,3,32.0,7.925,,0,1,0,0,1,Mr,1
384,1,1,35.0,52.0,,1,0,0,0,1,Mrs,2
385,0,3,,7.8958,,0,1,0,0,1,Mr,1
386,0,2,18.0,73.5,,0,1,0,0,1,Mr,1
387,0,3,1.0,46.9,,0,1,0,0,1,Master,8
388,1,2,36.0,13.0,,1,0,0,0,1,Miss,1
389,0,3,,7.7292,,0,1,0,1,0,Mr,1
390,1,2,17.0,12.0,,1,0,1,0,0,Miss,1
391,1,1,36.0,120.0,B96 B98,0,1,0,0,1,Mr,4
392,1,3,21.0,7.7958,,0,1,0,0,1,Mr,1
393,0,3,28.0,7.925,,0,1,0,0,1,Mr,3
394,1,1,23.0,113.275,D36,1,0,1,0,0,Miss,2
395,1,3,24.0,16.7,G6,1,0,0,0,1,Mrs,3
396,0,3,22.0,7.7958,,0,1,0,0,1,Mr,1
397,0,3,31.0,7.8542,,1,0,0,0,1,Miss,1
398,0,2,46.0,26.0,,0,1,0,0,1,Mr,1
399,0,2,23.0,10.5,,0,1,0,0,1,Dr,1
400,1,2,28.0,12.65,,1,0,0,0,1,Mrs,1
401,1,3,39.0,7.925,,0,1,0,0,1,Mr,1
402,0,3,26.0,8.05,,0,1,0,0,1,Mr,1
403,0,3,21.0,9.825,,1,0,0,0,1,Miss,2
404,0,3,28.0,15.85,,0,1,0,0,1,Mr,2
405,0,3,20.0,8.6625,,1,0,0,0,1,Miss,1
406,0,2,34.0,21.0,,0,1,0,0,1,Mr,2
407,0,3,51.0,7.75,,0,1,0,0,1,Mr,1
408,1,2,3.0,18.75,,0,1,0,0,1,Master,3
409,0,3,21.0,7.775,,0,1,0,0,1,Mr,1
410,0,3,,25.4667,,1,0,0,0,1,Miss,5
411,0,3,,7.8958,,0,1,0,0,1,Mr,1
412,0,3,,6.8583,,0,1,0,1,0,Mr,1
413,1,1,33.0,90.0,C78,1,0,0,1,0,Miss,2
414,0,2,,0.0,,0,1,0,0,1,Mr,1
415,1,3,44.0,7.925,,0,1,0,0,1,Mr,1
416,0,3,,8.05,,1,0,0,0,1,Mrs,1
417,1,2,34.0,32.5,,1,0,0,0,1,Mrs,3
418,1,2,18.0,13.0,,1,0,0,0,1,Miss,3
419,0,2,30.0,13.0,,0,1,0,0,1,Mr,1
420,0,3,10.0,24.15,,1,0,0,0,1,Miss,3
421,0,3,,7.8958,,0,1,1,0,0,Mr,1
422,0,3,21.0,7.7333,,0,1,0,1,0,Mr,1
423,0,3,29.0,7.875,,0,1,0,0,1,Mr,1
424,0,3,28.0,14.4,,1,0,0,0,1,Mrs,3
425,0,3,18.0,20.2125,,0,1,0,0,1,Mr,3
426,0,3,,7.25,,0,1,0,0,1,Mr,1
427,1,2,28.0,26.0,,1,0,0,0,1,Mrs,2
428,1,2,19.0,26.0,,1,0,0,0,1,Miss,1
429,0,3,,7.75,,0,1,0,1,0,Mr,1
430,1,3,32.0,8.05,E10,0,1,0,0,1,Mr,1
431,1,1,28.0,26.55,C52,0,1,0,0,1,Mr,1
432,1,3,,16.1,,1,0,0,0,1,Mrs,2
433,1,2,42.0,26.0,,1,0,0,0,1,Mrs,2
434,0,3,17.0,7.125,,0,1,0,0,1,Mr,1
435,0,1,50.0,55.9,E44,0,1,0,0,1,Mr,2
436,1,1,14.0,120.0,B96 B98,1,0,0,0,1,Miss,4
437,0,3,21.0,34.375,,1,0,0,0,1,Miss,5
438,1,2,24.0,18.75,,1,0,0,0,1,Mrs,6
439,0,1,64.0,263.0,C23 C25 C27,0,1,0,0,1,Mr,6
440,0,2,31.0,10.5,,0,1,0,0,1,Mr,1
441,1,2,45.0,26.25,,1,0,0,0,1,Mrs,3
442,0,3,20.0,9.5,,0,1,0,0,1,Mr,1
443,0,3,25.0,7.775,,0,1,0,0,1,Mr,2
444,1,2,28.0,13.0,,1,0,0,0,1,Ms,1
445,1,3,,8.1125,,0,1,0,0,1,Mr,1
446,1,1,4.0,81.8583,A34,0,1,0,0,1,Master,3
447,1,2,13.0,19.5,,1,0,0,0,1,Miss,2
448,1,1,34.0,26.55,,0,1,0,0,1,Mr,1
449,1,3,5.0,19.2583,,1,0,1,0,0,Miss,4
450,1,1,52.0,30.5,C104,0,1,0,0,1,Major,1
451,0,2,36.0,27.75,,0,1,0,0,1,Mr,4
452,0,3,,19.9667,,0,1,0,0,1,Mr,2
453,0,1,30.0,27.75,C111,0,1,1,0,0,Mr,1
454,1,1,49.0,89.1042,C92,0,1,1,0,0,Mr,2
455,0,3,,8.05,,0,1,0,0,1,Mr,1
456,1,3,29.0,7.8958,,0,1,1,0,0,Mr,1
457,0,1,65.0,26.55,E38,0,1,0,0,1,Mr,1
458,1,1,,51.8625,D21,1,0,0,0,1,Mrs,2
459,1,2,50.0,10.5,,1,0,0,0,1,Miss,1
460,0,3,,7.75,,0,1,0,1,0,Mr,1
461,1,1,48.0,26.55,E12,0,1,0,0,1,Mr,1
462,0,3,34.0,8.05,,0,1,0,0,1,Mr,1
463,0,1,47.0,38.5,E63,0,1,0,0,1,Mr,1
464,0,2,48.0,13.0,,0,1,0,0,1,Mr,1
465,0,3,,8.05,,0,1,0,0,1,Mr,1
466,0,3,38.0,7.05,,0,1,0,0,1,Mr,1
467,0,2,,0.0,,0,1,0,0,1,Mr,1
468,0,1,56.0,26.55,,0,1,0,0,1,Mr,1
469,0,3,,7.725,,0,1,0,1,0,Mr,1
470,1,3,0.75,19.2583,,1,0,1,0,0,Miss,4
471,0,3,,7.25,,0,1,0,0,1,Mr,1
472,0,3,38.0,8.6625,,0,1,0,0,1,Mr,1
473,1,2,33.0,27.75,,1,0,0,0,1,Mrs,4
474,1,2,23.0,13.7917,D,1,0,1,0,0,Mrs,1
475,0,3,22.0,9.8375,,1,0,0,0,1,Miss,1
476,0,1,,52.0,A14,0,1,0,0,1,Mr,1
477,0,2,34.0,21.0,,0,1,0,0,1,Mr,2
478,0,3,29.0,7.0458,,0,1,0,0,1,Mr,2
479,0,3,22.0,7.5208,,0,1,0,0,1,Mr,1
480,1,3,2.0,12.2875,,1,0,0,0,1,Miss,2
481,0,3,9.0,46.9,,0,1,0,0,1,Master,8
482,0,2,,0.0,,0,1,0,0,1,Mr,1
483,0,3,50.0,8.05,,0,1,0,0,1,Mr,1
484,1,3,63.0,9.5875,,1,0,0,0,1,Mrs,1
485,1,1,25.0,91.0792,B49,0,1,1,0,0,Mr,2
486,0,3,,25.4667,,1,0,0,0,1,Miss,5
487,1,1,35.0,90.0,C93,1,0,0,0,1,Mrs,2
488,0,1,58.0,29.7,B37,0,1,1,0,0,Mr,1
489,0,3,30.0,8.05,,0,1,0,0,1,Mr,1
490,1,3,9.0,15.9,,0,1,0,0,1,Master,3
491,0,3,,19.9667,,0,1,0,0,1,Mr,2
492,0,3,21.0,7.25,,0,1,0,0,1,Mr,1
493,0,1,55.0,30.5,C30,0,1,0,0,1,Mr,1
494,0,1,71.0,49.5042,,0,1,1,0,0,Mr,1
495,0,3,21.0,8.05,,0,1,0,0,1,Mr,1
496,0,3,,14.4583,,0,1,1,0,0,Mr,1
497,1,1,54.0,78.2667,D20,1,0,1,0,0,Miss,2
498,0,3,,15.1,,0,1,0,0,1,Mr,1
499,0,1,25.0,151.55,C22 C26,1,0,0,0,1,Mrs,4
500,0,3,24.0,7.7958,,0,1,0,0,1,Mr,1
501,0,3,17.0,8.6625,,0,1,0,0,1,Mr,1
502,0,3,21.0,7.75,,1,0,0,1,0,Miss,1
503,0,3,,7.6292,,1,0,0,1,0,Miss,1
504,0,3,37.0,9.5875,,1,0,0,0,1,Miss,1
505,1,1,16.0,86.5,B79,1,0,0,0,1,Miss,1
506,0,1,18.0,108.9,C65,0,1,1,0,0,Mr,2
507,1,2,33.0,26.0,,1,0,0,0,1,Mrs,3
508,1,1,,26.55,,0,1,0,0,1,Mr,1
509,0,3,28.0,22.525,,0,1,0,0,1,Mr,1
510,1,3,26.0,56.4958,,0,1,0,0,1,Mr,1
511,1,3,29.0,7.75,,0,1,0,1,0,Mr,1
512,0,3,,8.05,,0,1,0,0,1,Mr,1
513,1,1,36.0,26.2875,E25,0,1,0,0,1,Mr,1
514,1,1,54.0,59.4,,1,0,1,0,0,Mrs,2
515,0,3,24.0,7.4958,,0,1,0,0,1,Mr,1
516,0,1,47.0,34.0208,D46,0,1,0,0,1,Mr,1
517,1,2,34.0,10.5,F33,1,0,0,0,1,Mrs,1
518,0,3,,24.15,,0,1,0,1,0,Mr,1
519,1,2,36.0,26.0,,1,0,0,0,1,Mrs,2
520,0,3,32.0,7.8958,,0,1,0,0,1,Mr,1
521,1,1,30.0,93.5,B73,1,0,0,0,1,Miss,1
522,0,3,22.0,7.8958,,0,1,0,0,1,Mr,1
523,0,3,,7.225,,0,1,1,0,0,Mr,1
524,1,1,44.0,57.9792,B18,1,0,1,0,0,Mrs,2
525,0,3,,7.2292,,0,1,1,0,0,Mr,1
526,0,3,40.5,7.75,,0,1,0,1,0,Mr,1
527,1,2,50.0,10.5,,1,0,0,0,1,Miss,1
528,0,1,,221.7792,C95,0,1,0,0,1,Mr,1
529,0,3,39.0,7.925,,0,1,0,0,1,Mr,1
530,0,2,23.0,11.5,,0,1,0,0,1,Mr,4
531,1,2,2.0,26.0,,1,0,0,0,1,Miss,3
532,0,3,,7.2292,,0,1,1,0,0,Mr,1
533,0,3,17.0,7.2292,,0,1,1,0,0,Mr,3
534,1,3,,22.3583,,1,0,1,0,0,Mrs,3
535,0,3,30.0,8.6625,,1,0,0,0,1,Miss,1
536,1,2,7.0,26.25,,1,0,0,0,1,Miss,3
537,0,1,45.0,26.55,B38,0,1,0,0,1,Major,1
538,1,1,30.0,106.425,,1,0,1,0,0,Miss,1
539,0,3,,14.5,,0,1,0,0,1,Mr,1
540,1,1,22.0,49.5,B39,1,0,1,0,0,Miss,3
541,1,1,36.0,71.0,B22,1,0,0,0,1,Miss,3
542,0,3,9.0,31.275,,1,0,0,0,1,Miss,7
543,0,3,11.0,31.275,,1,0,0,0,1,Miss,7
544,1,2,32.0,26.0,,0,1,0,0,1,Mr,2
545,0,1,50.0,106.425,C86,0,1,1,0,0,Mr,2
546,0,1,64.0,26.0,,0,1,0,0,1,Mr,1
547,1,2,19.0,26.0,,1,0,0,0,1,Mrs,2
548,1,2,,13.8625,,0,1,1,0,0,Mr,1
549,0,3,33.0,20.525,,0,1,0,0,1,Mr,3
550,1,2,8.0,36.75,,0,1,0,0,1,Master,3
551,1,1,17.0,110.8833,C70,0,1,1,0,0,Mr,3
552,0,2,27.0,26.0,,0,1,0,0,1,Mr,1
553,0,3,,7.8292,,0,1,0,1,0,Mr,1
554,1,3,22.0,7.225,,0,1,1,0,0,Mr,1
555,1,3,22.0,7.775,,1,0,0,0,1,Miss,1
556,0,1,62.0,26.55,,0,1,0,0,1,Mr,1
557,1,1,48.0,39.6,A16,1,0,1,0,0,Lady,2
558,0,1,,227.525,,0,1,1,0,0,Mr,1
559,1,1,39.0,79.65,E67,1,0,0,0,1,Mrs,3
560,1,3,36.0,17.4,,1,0,0,0,1,Mrs,2
561,0,3,,7.75,,0,1,0,1,0,Mr,1
562,0,3,40.0,7.8958,,0,1,0,0,1,Mr,1
563,0,2,28.0,13.5,,0,1,0,0,1,Mr,1
564,0,3,,8.05,,0,1,0,0,1,Mr,1
565,0,3,,8.05,,1,0,0,0,1,Miss,1
566,0,3,24.0,24.15,,0,1,0,0,1,Mr,3
567,0,3,19.0,7.8958,,0,1,0,0,1,Mr,1
568,0,3,29.0,21.075,,1,0,0,0,1,Mrs,5
569,0,3,,7.2292,,0,1,1,0,0,Mr,1
570,1,3,32.0,7.8542,,0,1,0,0,1,Mr,1
571,1,2,62.0,10.5,,0,1,0,0,1,Mr,1
572,1,1,53.0,51.4792,C101,1,0,0,0,1,Mrs,3
573,1,1,36.0,26.3875,E25,0,1,0,0,1,Mr,1
574,1,3,,7.75,,1,0,0,1,0,Miss,1
575,0,3,16.0,8.05,,0,1,0,0,1,Mr,1
576,0,3,19.0,14.5,,0,1,0,0,1,Mr,1
577,1,2,34.0,13.0,,1,0,0,0,1,Miss,1
578,1,1,39.0,55.9,E44,1,0,0,0,1,Mrs,2
579,0,3,,14.4583,,1,0,1,0,0,Mrs,2
580,1,3,32.0,7.925,,0,1,0,0,1,Mr,1
581,1,2,25.0,30.0,,1,0,0,0,1,Miss,3
582,1,1,39.0,110.8833,C68,1,0,1,0,0,Mrs,3
583,0,2,54.0,26.0,,0,1,0,0,1,Mr,1
584,0,1,36.0,40.125,A10,0,1,1,0,0,Mr,1
585,0,3,,8.7125,,0,1,1,0,0,Mr,1
586,1,1,18.0,79.65,E68,1,0,0,0,1,Miss,3
587,0,2,47.0,15.0,,0,1,0,0,1,Mr,1
588,1,1,60.0,79.2,B41,0,1,1,0,0,Mr,3
589,0,3,22.0,8.05,,0,1,0,0,1,Mr,1
590,0,3,,8.05,,0,1,0,0,1,Mr,1
591,0,3,35.0,7.125,,0,1,0,0,1,Mr,1
592,1,1,52.0,78.2667,D20,1,0,1,0,0,Mrs,2
593,0,3,47.0,7.25,,0,1,0,0,1,Mr,1
594,0,3,,7.75,,1,0,0,1,0,Miss,3
595,0,2,37.0,26.0,,0,1,0,0,1,Mr,2
596,0,3,36.0,24.15,,0,1,0,0,1,Mr,3
597,1,2,,33.0,,1,0,0,0,1,Miss,1
598,0,3,49.0,0.0,,0,1,0,0,1,Mr,1
599,0,3,,7.225,,0,1,1,0,0,Mr,1
600,1,1,49.0,56.9292,A20,0,1,1,0,0,Sir,2
601,1,2,24.0,27.0,,1,0,0,0,1,Mrs,4
602,0,3,,7.8958,,0,1,0,0,1,Mr,1
603,0,1,,42.4,,0,1,0,0,1,Mr,1
604,0,3,44.0,8.05,,0,1,0,0,1,Mr,1
605,1,1,35.0,26.55,,0,1,1,0,0,Mr,1
606,0,3,36.0,15.55,,0,1,0,0,1,Mr,2
607,0,3,30.0,7.8958,,0,1,0,0,1,Mr,1
608,1,1,27.0,30.5,,0,1,0,0,1,Mr,1
609,1,2,22.0,41.5792,,1,0,1,0,0,Mrs,4
610,1,1,40.0,153.4625,C125,1,0,0,0,1,Miss,1
611,0,3,39.0,31.275,,1,0,0,0,1,Mrs,7
612,0,3,,7.05,,0,1,0,0,1,Mr,1
613,1,3,,15.5,,1,0,0,1,0,Miss,2
614,0,3,,7.75,,0,1,0,1,0,Mr,1
615,0,3,35.0,8.05,,0,1,0,0,1,Mr,1
616,1,2,24.0,65.0,,1,0,0,0,1,Miss,4
617,0,3,34.0,14.4,,0,1,0,0,1,Mr,3
618,0,3,26.0,16.1,,1,0,0,0,1,Mrs,2
619,1,2,4.0,39.0,F4,1,0,0,0,1,Miss,4
620,0,2,26.0,10.5,,0,1,0,0,1,Mr,1
621,0,3,27.0,14.4542,,0,1,1,0,0,Mr,2
622,1,1,42.0,52.5542,D19,0,1,0,0,1,Mr,2
623,1,3,20.0,15.7417,,0,1,1,0,0,Mr,3
624,0,3,21.0,7.8542,,0,1,0,0,1,Mr,1
625,0,3,21.0,16.1,,0,1,0,0,1,Mr,1
626,0,1,61.0,32.3208,D50,0,1,0,0,1,Mr,1
627,0,2,57.0,12.35,,0,1,0,1,0,Rev,1
628,1,1,21.0,77.9583,D9,1,0,0,0,1,Miss,1
629,0,3,26.0,7.8958,,0,1,0,0,1,Mr,1
630,0,3,,7.7333,,0,1,0,1,0,Mr,1
631,1,1,80.0,30.0,A23,0,1,0,0,1,Mr,1
632,0,3,51.0,7.0542,,0,1,0,0,1,Mr,1
633,1,1,32.0,30.5,B50,0,1,1,0,0,Dr,1
634,0,1,,0.0,,0,1,0,0,1,Mr,1
635,0,3,9.0,27.9,,1,0,0,0,1,Miss,6
636,1,2,28.0,13.0,,1,0,0,0,1,Miss,1
637,0,3,32.0,7.925,,0,1,0,0,1,Mr,1
638,0,2,31.0,26.25,,0,1,0,0,1,Mr,3
639,0,3,41.0,39.6875,,1,0,0,0,1,Mrs,6
640,0,3,,16.1,,0,1,0,0,1,Mr,2
641,0,3,20.0,7.8542,,0,1,0,0,1,Mr,1
642,1,1,24.0,69.3,B35,1,0,1,0,0,Mlle,1
643,0,3,2.0,27.9,,1,0,0,0,1,Miss,6
644,1,3,,56.4958,,0,1,0,0,1,Mr,1
645,1,3,0.75,19.2583,,1,0,1,0,0,Miss,4
646,1,1,48.0,76.7292,D33,0,1,1,0,0,Mr,2
647,0,3,19.0,7.8958,,0,1,0,0,1,Mr,1
648,1,1,56.0,35.5,A26,0,1,1,0,0,Col,1
649,0,3,,7.55,,0,1,0,0,1,Mr,1
650,1,3,23.0,7.55,,1,0,0,0,1,Miss,1
651,0,3,,7.8958,,0,1,0,0,1,Mr,1
652,1,2,18.0,23.0,,1,0,0,0,1,Miss,2
653,0,3,21.0,8.4333,,0,1,0,0,1,Mr,1
654,1,3,,7.8292,,1,0,0,1,0,Miss,1
655,0,3,18.0,6.75,,1,0,0,1,0,Miss,1
656,0,2,24.0,73.5,,0,1,0,0,1,Mr,3
657,0,3,,7.8958,,0,1,0,0,1,Mr,1
658,0,3,32.0,15.5,,1,0,0,1,0,Mrs,3
659,0,2,23.0,13.0,,0,1,0,0,1,Mr,1
660,0,1,58.0,113.275,D48,0,1,1,0,0,Mr,3
661,1,1,50.0,133.65,,0,1,0,0,1,Dr,3
662,0,3,40.0,7.225,,0,1,1,0,0,Mr,1
663,0,1,47.0,25.5875,E58,0,1,0,0,1,Mr,1
664,0,3,36.0,7.4958,,0,1,0,0,1,Mr,1
665,1,3,20.0,7.925,,0,1,0,0,1,Mr,2
666,0,2,32.0,73.5,,0,1,0,0,1,Mr,3
667,0,2,25.0,13.0,,0,1,0,0,1,Mr,1
668,0,3,,7.775,,0,1,0,0,1,Mr,1
669,0,3,43.0,8.05,,0,1,0,0,1,Mr,1
670,1,1,,52.0,C126,1,0,0,0,1,Mrs,2
671,1,2,40.0,39.0,,1,0,0,0,1,Mrs,3
672,0,1,31.0,52.0,B71,0,1,0,0,1,Mr,2
673,0,2,70.0,10.5,,0,1,0,0,1,Mr,1
674,1,2,31.0,13.0,,0,1,0,0,1,Mr,1
675,0,2,,0.0,,0,1,0,0,1,Mr,1
676,0,3,18.0,7.775,,0,1,0,0,1,Mr,1
677,0,3,24.5,8.05,,0,1,0,0,1,Mr,1
678,1,3,18.0,9.8417,,1,0,0,0,1,Miss,1
679,0,3,43.0,46.9,,1,0,0,0,1,Mrs,8
680,1,1,36.0,512.3292,B51 B53 B55,0,1,1,0,0,Mr,2
681,0,3,,8.1375,,1,0,0,1,0,Miss,1
682,1,1,27.0,76.7292,D49,0,1,1,0,0,Mr,1
683,0,3,20.0,9.225,,0,1,0,0,1,Mr,1
684,0,3,14.0,46.9,,0,1,0,0,1,Mr,8
685,0,2,60.0,39.0,,0,1,0,0,1,Mr,3
686,0,2,25.0,41.5792,,0,1,1,0,0,Mr,4
687,0,3,14.0,39.6875,,0,1,0,0,1,Mr,6
688,0,3,19.0,10.1708,,0,1,0,0,1,Mr,1
689,0,3,18.0,7.7958,,0,1,0,0,1,Mr,1
690,1,1,15.0,211.3375,B5,1,0,0,0,1,Miss,2
691,1,1,31.0,57.0,B20,0,1,0,0,1,Mr,2
692,1,3,4.0,13.4167,,1,0,1,0,0,Miss,2
693,1,3,,56.4958,,0,1,0,0,1,Mr,1
694,0,3,25.0,7.225,,0,1,1,0,0,Mr,1
695,0,1,60.0,26.55,,0,1,0,0,1,Col,1
696,0,2,52.0,13.5,,0,1,0,0,1,Mr,1
697,0,3,44.0,8.05,,0,1,0,0,1,Mr,1
698,1,3,,7.7333,,1,0,0,1,0,Miss,1
699,0,1,49.0,110.8833,C68,0,1,1,0,0,Mr,3
700,0,3,42.0,7.65,F G63,0,1,0,0,1,Mr,1
701,1,1,18.0,227.525,C62 C64,1,0,1,0,0,Mrs,2
702,1,1,35.0,26.2875,E24,0,1,0,0,1,Mr,1
703,0,3,18.0,14.4542,,1,0,1,0,0,Miss,2
704,0,3,25.0,7.7417,,0,1,0,1,0,Mr,1
705,0,3,26.0,7.8542,,0,1,0,0,1,Mr,2
706,0,2,39.0,26.0,,0,1,0,0,1,Mr,1
707,1,2,45.0,13.5,,1,0,0,0,1,Mrs,1
708,1,1,42.0,26.2875,E24,0,1,0,0,1,Mr,1
709,1,1,22.0,151.55,,1,0,0,0,1,Miss,1
710,1,3,,15.2458,,0,1,1,0,0,Master,3
711,1,1,24.0,49.5042,C90,1,0,1,0,0,Mlle,1
712,0,1,,26.55,C124,0,1,0,0,1,Mr,1
713,1,1,48.0,52.0,C126,0,1,0,0,1,Mr,2
714,0,3,29.0,9.4833,,0,1,0,0,1,Mr,1
715,0,2,52.0,13.0,,0,1,0,0,1,Mr,1
716,0,3,19.0,7.65,F G73,0,1,0,0,1,Mr,1
717,1,1,38.0,227.525,C45,1,0,1,0,0,Miss,1
718,1,2,27.0,10.5,E101,1,0,0,0,1,Miss,1
719,0,3,,15.5,,0,1,0,1,0,Mr,1
720,0,3,33.0,7.775,,0,1,0,0,1,Mr,1
721,1,2,6.0,33.0,,1,0,0,0,1,Miss,2
722,0,3,17.0,7.0542,,0,1,0,0,1,Mr,2
723,0,2,34.0,13.0,,0,1,0,0,1,Mr,1
724,0,2,50.0,13.0,,0,1,0,0,1,Mr,1
725,1,1,27.0,53.1,E8,0,1,0,0,1,Mr,2
726,0,3,20.0,8.6625,,0,1,0,0,1,Mr,1
727,1,2,30.0,21.0,,1,0,0,0,1,Mrs,4
728,1,3,,7.7375,,1,0,0,1,0,Miss,1
729,0,2,25.0,26.0,,0,1,0,0,1,Mr,2
730,0,3,25.0,7.925,,1,0,0,0,1,Miss,2
731,1,1,29.0,211.3375,B5,1,0,0,0,1,Miss,1
732,0,3,11.0,18.7875,,0,1,1,0,0,Mr,1
733,0,2,,0.0,,0,1,0,0,1,Mr,1
734,0,2,23.0,13.0,,0,1,0,0,1,Mr,1
735,0,2,23.0,13.0,,0,1,0,0,1,Mr,1
736,0,3,28.5,16.1,,0,1,0,0,1,Mr,1
737,0,3,48.0,34.375,,1,0,0,0,1,Mrs,5
738,1,1,35.0,512.3292,B101,0,1,1,0,0,Mr,1
739,0,3,,7.8958,,0,1,0,0,1,Mr,1
740,0,3,,7.8958,,0,1,0,0,1,Mr,1
741,1,1,,30.0,D45,0,1,0,0,1,Mr,1
742,0,1,36.0,78.85,C46,0,1,0,0,1,Mr,2
743,1,1,21.0,262.375,B57 B59 B63 B66,1,0,1,0,0,Miss,5
744,0,3,24.0,16.1,,0,1,0,0,1,Mr,2
745,1,3,31.0,7.925,,0,1,0,0,1,Mr,1
746,0,1,70.0,71.0,B22,0,1,0,0,1,Capt,3
747,0,3,16.0,20.25,,0,1,0,0,1,Mr,3
748,1,2,30.0,13.0,,1,0,0,0,1,Miss,1
749,0,1,19.0,53.1,D30,0,1,0,0,1,Mr,2
750,0,3,31.0,7.75,,0,1,0,1,0,Mr,1
751,1,2,4.0,23.0,,1,0,0,0,1,Miss,3
752,1,3,6.0,12.475,E121,0,1,0,0,1,Master,2
753,0,3,33.0,9.5,,0,1,0,0,1,Mr,1
754,0,3,23.0,7.8958,,0,1,0,0,1,Mr,1
755,1,2,48.0,65.0,,1,0,0,0,1,Mrs,4
756,1,2,0.67,14.5,,0,1,0,0,1,Master,3
757,0,3,28.0,7.7958,,0,1,0,0,1,Mr,1
758,0,2,18.0,11.5,,0,1,0,0,1,Mr,1
759,0,3,34.0,8.05,,0,1,0,0,1,Mr,1
760,1,1,33.0,86.5,B77,1,0,0,0,1,Countess,1
761,0,3,,14.5,,0,1,0,0,1,Mr,1
762,0,3,41.0,7.125,,0,1,0,0,1,Mr,1
763,1,3,20.0,7.2292,,0,1,1,0,0,Mr,1
764,1,1,36.0,120.0,B96 B98,1,0,0,0,1,Mrs,4
765,0,3,16.0,7.775,,0,1,0,0,1,Mr,1
766,1,1,51.0,77.9583,D11,1,0,0,0,1,Mrs,2
767,0,1,,39.6,,0,1,1,0,0,Dr,1
768,0,3,30.5,7.75,,1,0,0,1,0,Miss,1
769,0,3,,24.15,,0,1,0,1,0,Mr,2
770,0,3,32.0,8.3625,,0,1,0,0,1,Mr,1
771,0,3,24.0,9.5,,0,1,0,0,1,Mr,1
772,0,3,48.0,7.8542,,0,1,0,0,1,Mr,1
773,0,2,57.0,10.5,E77,1,0,0,0,1,Mrs,1
774,0,3,,7.225,,0,1,1,0,0,Mr,1
775,1,2,54.0,23.0,,1,0,0,0,1,Mrs,5
776,0,3,18.0,7.75,,0,1,0,0,1,Mr,1
777,0,3,,7.75,F38,0,1,0,1,0,Mr,1
778,1,3,5.0,12.475,,1,0,0,0,1,Miss,1
779,0,3,,7.7375,,0,1,0,1,0,Mr,1
780,1,1,43.0,211.3375,B3,1,0,0,0,1,Mrs,2
781,1,3,13.0,7.2292,,1,0,1,0,0,Miss,1
782,1,1,17.0,57.0,B20,1,0,0,0,1,Mrs,2
783,0,1,29.0,30.0,D6,0,1,0,0,1,Mr,1
784,0,3,,23.45,,0,1,0,0,1,Mr,4
785,0,3,25.0,7.05,,0,1,0,0,1,Mr,1
786,0,3,25.0,7.25,,0,1,0,0,1,Mr,1
787,1,3,18.0,7.4958,,1,0,0,0,1,Miss,1
788,0,3,8.0,29.125,,0,1,0,1,0,Master,6
789,1,3,1.0,20.575,,0,1,0,0,1,Master,4
790,0,1,46.0,79.2,B82 B84,0,1,1,0,0,Mr,1
791,0,3,,7.75,,0,1,0,1,0,Mr,1
792,0,2,16.0,26.0,,0,1,0,0,1,Mr,1
793,0,3,,69.55,,1,0,0,0,1,Miss,11
794,0,1,,30.6958,,0,1,1,0,0,Mr,1
795,0,3,25.0,7.8958,,0,1,0,0,1,Mr,1
796,0,2,39.0,13.0,,0,1,0,0,1,Mr,1
797,1,1,49.0,25.9292,D17,1,0,0,0,1,Dr,1
798,1,3,31.0,8.6833,,1,0,0,0,1,Mrs,1
799,0,3,30.0,7.2292,,0,1,1,0,0,Mr,1
800,0,3,30.0,24.15,,1,0,0,0,1,Mrs,3
801,0,2,34.0,13.0,,0,1,0,0,1,Mr,1
802,1,2,31.0,26.25,,1,0,0,0,1,Mrs,3
803,1,1,11.0,120.0,B96 B98,0,1,0,0,1,Master,4
804,1,3,0.42,8.5167,,0,1,1,0,0,Master,2
805,1,3,27.0,6.975,,0,1,0,0,1,Mr,1
806,0,3,31.0,7.775,,0,1,0,0,1,Mr,1
807,0,1,39.0,0.0,A36,0,1,0,0,1,Mr,1
808,0,3,18.0,7.775,,1,0,0,0,1,Miss,1
809,0,2,39.0,13.0,,0,1,0,0,1,Mr,1
810,1,1,33.0,53.1,E8,1,0,0,0,1,Mrs,2
811,0,3,26.0,7.8875,,0,1,0,0,1,Mr,1
812,0,3,39.0,24.15,,0,1,0,0,1,Mr,1
813,0,2,35.0,10.5,,0,1,0,0,1,Mr,1
814,0,3,6.0,31.275,,1,0,0,0,1,Miss,7
815,0,3,30.5,8.05,,0,1,0,0,1,Mr,1
816,0,1,,0.0,B102,0,1,0,0,1,Mr,1
817,0,3,23.0,7.925,,1,0,0,0,1,Miss,1
818,0,2,31.0,37.0042,,0,1,1,0,0,Mr,3
819,0,3,43.0,6.45,,0,1,0,0,1,Mr,1
820,0,3,10.0,27.9,,0,1,0,0,1,Master,6
821,1,1,52.0,93.5,B69,1,0,0,0,1,Mrs,3
822,1,3,27.0,8.6625,,0,1,0,0,1,Mr,1
823,0,1,38.0,0.0,,0,1,0,0,1,Jonkheer,1
824,1,3,27.0,12.475,E121,1,0,0,0,1,Mrs,2
825,0,3,2.0,39.6875,,0,1,0,0,1,Master,6
826,0,3,,6.95,,0,1,0,1,0,Mr,1
827,0,3,,56.4958,,0,1,0,0,1,Mr,1
828,1,2,1.0,37.0042,,0,1,1,0,0,Master,3
829,1,3,,7.75,,0,1,0,1,0,Mr,1
830,1,1,62.0,80.0,B28,1,0,0,0,0,Mrs,1
831,1,3,15.0,14.4542,,1,0,1,0,0,Mrs,2
832,1,2,0.83,18.75,,0,1,0,0,1,Master,3
833,0,3,,7.2292,,0,1,1,0,0,Mr,1
834,0,3,23.0,7.8542,,0,1,0,0,1,Mr,1
835,0,3,18.0,8.3,,0,1,0,0,1,Mr,1
836,1,1,39.0,83.1583,E49,1,0,1,0,0,Miss,3
837,0,3,21.0,8.6625,,0,1,0,0,1,Mr,1
838,0,3,,8.05,,0,1,0,0,1,Mr,1
839,1,3,32.0,56.4958,,0,1,0,0,1,Mr,1
840,1,1,,29.7,C47,0,1,1,0,0,Mr,1
841,0,3,20.0,7.925,,0,1,0,0,1,Mr,1
842,0,2,16.0,10.5,,0,1,0,0,1,Mr,1
843,1,1,30.0,31.0,,1,0,1,0,0,Miss,1
844,0,3,34.5,6.4375,,0,1,1,0,0,Mr,1
845,0,3,17.0,8.6625,,0,1,0,0,1,Mr,1
846,0,3,42.0,7.55,,0,1,0,0,1,Mr,1
847,0,3,,69.55,,0,1,0,0,1,Mr,11
848,0,3,35.0,7.8958,,0,1,1,0,0,Mr,1
849,0,2,28.0,33.0,,0,1,0,0,1,Rev,2
850,1,1,,89.1042,C92,1,0,1,0,0,Mrs,2
851,0,3,4.0,31.275,,0,1,0,0,1,Master,7
852,0,3,74.0,7.775,,0,1,0,0,1,Mr,1
853,0,3,9.0,15.2458,,1,0,1,0,0,Miss,3
854,1,1,16.0,39.4,D28,1,0,0,0,1,Miss,2
855,0,2,44.0,26.0,,1,0,0,0,1,Mrs,2
856,1,3,18.0,9.35,,1,0,0,0,1,Mrs,2
857,1,1,45.0,164.8667,,1,0,0,0,1,Mrs,3
858,1,1,51.0,26.55,E17,0,1,0,0,1,Mr,1
859,1,3,24.0,19.2583,,1,0,1,0,0,Mrs,4
860,0,3,,7.2292,,0,1,1,0,0,Mr,1
861,0,3,41.0,14.1083,,0,1,0,0,1,Mr,3
862,0,2,21.0,11.5,,0,1,0,0,1,Mr,2
863,1,1,48.0,25.9292,D17,1,0,0,0,1,Mrs,1
864,0,3,,69.55,,1,0,0,0,1,Miss,11
865,0,2,24.0,13.0,,0,1,0,0,1,Mr,1
866,1,2,42.0,13.0,,1,0,0,0,1,Mrs,1
867,1,2,27.0,13.8583,,1,0,1,0,0,Miss,2
868,0,1,31.0,50.4958,A24,0,1,0,0,1,Mr,1
869,0,3,,9.5,,0,1,0,0,1,Mr,1
870,1,3,4.0,11.1333,,0,1,0,0,1,Master,3
871,0,3,26.0,7.8958,,0,1,0,0,1,Mr,1
872,1,1,47.0,52.5542,D35,1,0,0,0,1,Mrs,3
873,0,1,33.0,5.0,B51 B53 B55,0,1,0,0,1,Mr,1
874,0,3,47.0,9.0,,0,1,0,0,1,Mr,1
875,1,2,28.0,24.0,,1,0,1,0,0,Mrs,2
876,1,3,15.0,7.225,,1,0,1,0,0,Miss,1
877,0,3,20.0,9.8458,,0,1,0,0,1,Mr,1
878,0,3,19.0,7.8958,,0,1,0,0,1,Mr,1
879,0,3,,7.8958,,0,1,0,0,1,Mr,1
880,1,1,56.0,83.1583,C50,1,0,1,0,0,Mrs,2
881,1,2,25.0,26.0,,1,0,0,0,1,Mrs,2
882,0,3,33.0,7.8958,,0,1,0,0,1,Mr,1
883,0,3,22.0,10.5167,,1,0,0,0,1,Miss,1
884,0,2,28.0,10.5,,0,1,0,0,1,Mr,1
885,0,3,25.0,7.05,,0,1,0,0,1,Mr,1
886,0,3,39.0,29.125,,1,0,0,1,0,Mrs,6
887,0,2,27.0,13.0,,0,1,0,0,1,Rev,1
888,1,1,19.0,30.0,B42,1,0,0,0,1,Miss,1
889,0,3,,23.45,,1,0,0,0,1,Miss,4
890,1,1,26.0,30.0,C148,0,1,1,0,0,Mr,1
891,0,3,32.0,7.75,,0,1,0,1,0,Mr,1
